shipper_id,shipper_name
b648712943564639cb6c800e5c9c7937,SHIPPER 1644
63ad97cc9675c60ec2c2e7aef6a00669,SHIPPER 585
80f045f46e0d4a1cc647ab81f72e7226,SHIPPER 1268
1309a2526106538ed7ef63e533945b68,SHIPPER 1498
e9a242a8442cb36173f882fc4453241c,SHIPPER 841
49684f7ca064471ac36c6103a3153787,SHIPPER 1078
056dc1651e9dc3aac5764fa1108893fd,SHIPPER 496
9ee7479b7e15905d2d45cfc7c7070c78,SHIPPER 1033
137fe2d84b8aa3ed5fc262daddb06461,SHIPPER 749
06760fea1550acbd5f91a271fd3ac56a,SHIPPER 1287
55f1e691f3c3c219e332557caf0ef59f,SHIPPER 1367
3bca87d6e1451ffb4b35dcf7fcfcaf0a,SHIPPER 1048
6abed683eaf9616a2788fe52e5c0b7f2,SHIPPER 751
785b15419d89e851864534498360cc67,SHIPPER 762
71b34abbd5aa4571c85026e8ff536954,SHIPPER 1501
c981a820ae31122d16c16e1ff5fffd73,SHIPPER 802
adc76e5d90f5d0b51115403a29896bd9,SHIPPER 1531
92b389668d226d6e0ed63669bd1a0d9d,SHIPPER 1103
3c44e72fdd5c8e2c5ef61a296ddf3cbf,SHIPPER 1662
1898cb0c5cd99cc7a04bf6ce14fc2a1e,SHIPPER 1555
2f638543fcf26b3a55b706a0b534fa28,SHIPPER 744
c2933c9006d8531e285db267bfca2f17,SHIPPER 790
045768e79c5de50796b4bd482651e5f4,SHIPPER 1052
43e930b43d5747a1d834565b06bc9592,SHIPPER 757
52d95e8aaedb8e62649f9dde89991961,SHIPPER 971
6d45643abe29315f5aa5accffacf866b,SHIPPER 773
44123bc1d19638a3e7c539906cfce90a,SHIPPER 1272
093f9bb6ec0119e8554e27bfd6a79757,SHIPPER 801
b26fe0ca9e58c1d6abb473fea9bf428c,SHIPPER 1465
fecec942b6aed4a5aa1f8c730990d1e0,SHIPPER 1024
1d21a90992de37700b9e76ed78661c50,SHIPPER 1063
444d7c996c2e5934e0996876b3269407,SHIPPER 618
668fa9176b919944e1faa45d0aff34ac,SHIPPER 866
ed0afd45ffa04151f2c2fd94035e47b8,SHIPPER 1180
4a2965065ab830aff770dd819b4eb609,SHIPPER 968
a6e4ba618312815aada9925b96c12320,SHIPPER 929
65ab5170a0f825e8e00fd58e85356859,SHIPPER 1192
8b383fd60a116db7a8dd856355b1049c,SHIPPER 1356
84c35db2a7214b66031bf3dd554d3b28,SHIPPER 727
ff5ff350f27959e6be417d41cd707ca9,SHIPPER 1590
16f9d99fa431e82b30f72c101605fbcb,SHIPPER 1184
37101221445f53de1f135aa7052ba40b,SHIPPER 810
3e95a1ff75ca50e0dd18d5405e310305,SHIPPER 780
8f622b40a7dc7c1805352b32f0003a57,SHIPPER 1395
02244df391b7e5f947accc76c4481c88,SHIPPER 1513
3baa7ad4a89b787da9404009f83d52a2,SHIPPER 1570
59f90eb4d9c1b45e87afeaf944b6bcf0,SHIPPER 1262
123d540cfc0504b14f3d9892c996dd25,SHIPPER 901
37537b5278676afba98d673643ad4890,SHIPPER 1342
60ff97395e9b4c32d80689cd83249f73,SHIPPER 1303
9f7b541f85125423373000a0426d58db,SHIPPER 860
d992bb9173d48665b761e785900bdbb6,SHIPPER 734
afdaf2def36ac6d6daee357319e9e0cd,SHIPPER 1585
7f6a4df4fd14663f7fbc3bdf4939299f,SHIPPER 923
8cec68fbaf66c210ac48047c142c6942,SHIPPER 590
8c6d46ced5ceec07076870820ad18df9,SHIPPER 944
e7cbc988cb4bb0d6df4aa21ae7e0c9c7,SHIPPER 1173
fe4b991ec461b0ae7f7a1e6b63807fa4,SHIPPER 948
e0887db3b38848581733baf51266af5f,SHIPPER 943
22b5e4734d421e242ae4545f91d1474f,SHIPPER 1536
0fae7d7a8156ecc12edc9ff70a211af9,SHIPPER 840
17f920e9d4d04287beaebaf0244c7b95,SHIPPER 1249
cd0476e25d91ece27896a55c9535c0da,SHIPPER 1511
bb172dde180461d89c801d9723f9b4d2,SHIPPER 973
0a6890b2805982da36cb5285258d1812,SHIPPER 1374
9648857d6e35d1b8ed579168906d202c,SHIPPER 1517
5974d11f81622e8121c802e49fe5832c,SHIPPER 398
8332c47d87e89923c73183c16989ea41,SHIPPER 705
cffe226143b8a8d2eb218e64966735d5,SHIPPER 1397
4b821cf59fb63c44418469cd65567397,SHIPPER 1642
7c8daf27f2407c4b0531266ae264a3a0,SHIPPER 758
49ba4b21786181a3b9fd5a745a89ff35,SHIPPER 1404
d9e1f54b35b4067fab4e6fce6c5954cd,SHIPPER 989
397d1ca827eb3a562e3fb3da9674a91d,SHIPPER 623
ece937729cda19a302a7f7ae5b5a3c92,SHIPPER 882
0ca9f57f17d9c84150de2126422ef343,SHIPPER 1175
8a2ef8c0a85c9ec941da8d60d29aabcd,SHIPPER 1490
ad88ff33ec5ade8febbc154a4e32d319,SHIPPER 560
40a53b53bb3d43e16b16fdeab1b99036,SHIPPER 1345
9aa114d88ff192d20017152cf04ec91b,SHIPPER 765
23d6fb17924c170981f38ecbb7ccc139,SHIPPER 1453
61fc617afa4025598ccafe59dad096bc,SHIPPER 832
70a85b6f6929ec13f18fe64ddfd68aed,SHIPPER 1298
1a352592cebac4f17ac5cc05004d4e35,SHIPPER 1044
996b19e3cea3d4605334d0e5a7d0dc38,SHIPPER 715
1e7b69151b6edcd40f2ba039c27872dd,SHIPPER 425
f873785bba806d609eef657e9309c0cf,SHIPPER 937
ca745632e4a087f9af8b1bbb1421b154,SHIPPER 1104
c91f933ea9d67f4e7fb8969a24bb3abe,SHIPPER 811
70b281e350a492b1d7f0b51bda333ec8,SHIPPER 824
0dd03ecc418afa7405a89a66876154bc,SHIPPER 1528
cca6d63fe48f88b06cadb0bfc108f5de,SHIPPER 1357
75b5a8f142806b1dc7d4d78207971d8f,SHIPPER 766
1363698f50cd6ca7680ca1d4a40b8d41,SHIPPER 1070
